<?xml version="1.0" encoding="utf-8" standalone="yes"?>
<rss version="2.0" xmlns:atom="http://www.w3.org/2005/Atom">
  <channel>
    <title>Online Live Roulette – Real-Time Casino Action 24/7 on Online Live Roulette</title>
    <link>https://liverouletteonlineca.com/about-us/</link>
    <description>Recent content in Online Live Roulette – Real-Time Casino Action 24/7 on Online Live Roulette</description>
    <generator>Hugo</generator>
    <language>en</language>
    <lastBuildDate></lastBuildDate>
    <atom:link href="https://liverouletteonlineca.com/about-us/index.xml" rel="self" type="application/rss+xml" />
  </channel>
</rss>
