<?xml version="1.0" encoding="utf-8" standalone="yes"?>
<rss version="2.0" xmlns:atom="http://www.w3.org/2005/Atom">
  <channel>
    <title>Online Casino Live Roulette – Real Tables 24/7 | Live Casino Roulette on Online Live Roulette</title>
    <link>https://liverouletteonlineca.com/casino/</link>
    <description>Recent content in Online Casino Live Roulette – Real Tables 24/7 | Live Casino Roulette on Online Live Roulette</description>
    <generator>Hugo</generator>
    <language>en</language>
    <lastBuildDate></lastBuildDate>
    <atom:link href="https://liverouletteonlineca.com/casino/index.xml" rel="self" type="application/rss+xml" />
  </channel>
</rss>
