<?xml version="1.0" encoding="utf-8" standalone="yes"?>
<rss version="2.0" xmlns:atom="http://www.w3.org/2005/Atom">
  <channel>
    <title>Best Live Roulette Online – Play Responsibly, Stay in Control on Online Live Roulette</title>
    <link>https://liverouletteonlineca.com/responsible-gaming/</link>
    <description>Recent content in Best Live Roulette Online – Play Responsibly, Stay in Control on Online Live Roulette</description>
    <generator>Hugo</generator>
    <language>en</language>
    <lastBuildDate></lastBuildDate>
    <atom:link href="https://liverouletteonlineca.com/responsible-gaming/index.xml" rel="self" type="application/rss+xml" />
  </channel>
</rss>
